[{"model": "auth.user", "pk": 1, "fields": {"password": "pbkdf2_sha256$30000$I7cdHpsjx26Q$juFPRG1JXfVMJocO4PxeLn43ilz+npi/7Ae5QtNKlIo=", "last_login": "2017-04-21T01:14:52.281Z", "is_superuser": true, "username": "denis", "first_name": "", "last_name": "", "email": "denis.merigoux@gmail.com", "is_staff": true, "is_active": true, "date_joined": "2017-04-13T02:29:12.209Z", "groups": [], "user_permissions": []}}, {"model": "auth.user", "pk": 2, "fields": {"password": "", "last_login": "2017-04-21T01:14:36Z", "is_superuser": true, "username": "denis.merigoux", "first_name": "", "last_name": "", "email": "", "is_staff": true, "is_active": true, "date_joined": "2017-04-13T02:30:53Z", "groups": [], "user_permissions": []}}, {"model": "auth.user", "pk": 3, "fields": {"password": "pbkdf2_sha256$30000$VxRDCtUFMHQ3$rlrdhbRwAHeqLLbktzBhDEvNM7s9eVdHDrBd1SUOJSI=", "last_login": null, "is_superuser": true, "username": "victor.quach", "first_name": "", "last_name": "", "email": "", "is_staff": true, "is_active": true, "date_joined": "2017-04-21T01:24:45Z", "groups": [], "user_permissions": []}}, {"model": "auth.user", "pk": 4, "fields": {"password": "pbkdf2_sha256$30000$03HTXmjsyIHw$yKRv4qghOuCeOL6gneB+axV8tCf0TU5KTg7lPfLikz0=", "last_login": null, "is_superuser": false, "username": "kevin.garanger", "first_name": "", "last_name": "", "email": "", "is_staff": false, "is_active": true, "date_joined": "2017-04-21T01:30:41.741Z", "groups": [], "user_permissions": []}}, {"model": "django_cas_ng.sessionticket", "pk": 1, "fields": {"session_key": "oyxbems2hv2eanitpj2pjuq0adgx92zc", "ticket": "ST-8mcv0CtkoCDDEFSrewcr1oc1UwnKwc5GDQjBbGxcxStnGk3dOxb28ABsJHrIu"}}, {"model": "django_cas_ng.sessionticket", "pk": 2, "fields": {"session_key": "a8u1a22sfcl1xjuyo8qu9taiva5moxfq", "ticket": "ST-5hxaakUwIuK6VQ0VI8VT2yz33HRrw6WkTSkZgO9VxY4HtOVO5qYvrE8dVkNQE"}}, {"model": "django_cas_ng.sessionticket", "pk": 3, "fields": {"session_key": "6aqyzluhe76vxbgjykbycv9kuafr9kag", "ticket": "ST-Ov4mhvAT7HfoQNhbtIvhsMoudMqLru2YBH2f7WWkHLxKMWfOOzxMJTJPFsg0g"}}, {"model": "django_cas_ng.sessionticket", "pk": 4, "fields": {"session_key": "6lig87aj0ugjglr9n6wjkkbr3l4w5twg", "ticket": "ST-gz7oRVaYE0EpsieuUDuqjAOegdPQdKPCqm0TfaDFL2LTrVHlvpfqADXKISO5t"}}, {"model": "rate.department", "pk": 1, "fields": {"trigram": "MAT", "name": "Math\u00e9matiques"}}, {"model": "rate.department", "pk": 2, "fields": {"trigram": "HSS", "name": "Humanit\u00e9s et Siences Sociales"}}, {"model": "rate.department", "pk": 3, "fields": {"trigram": "MAP", "name": "Math\u00e9matiques appliqu\u00e9es"}}, {"model": "rate.department", "pk": 4, "fields": {"trigram": "PHY", "name": "Physique"}}, {"model": "rate.department", "pk": 5, "fields": {"trigram": "CHI", "name": "Chimie"}}, {"model": "rate.department", "pk": 6, "fields": {"trigram": "ECO", "name": "\u00c9conomie"}}, {"model": "rate.department", "pk": 7, "fields": {"trigram": "BIO", "name": "Biologie"}}, {"model": "rate.department", "pk": 8, "fields": {"trigram": "INF", "name": "Informatique"}}, {"model": "rate.department", "pk": 9, "fields": {"trigram": "MIE", "name": "Management de l'Innovation et de l'Entrepreneuriat"}}, {"model": "rate.year", "pk": 1, "fields": {"name": "1A"}}, {"model": "rate.year", "pk": 2, "fields": {"name": "2A"}}, {"model": "rate.year", "pk": 3, "fields": {"name": "3A"}}, {"model": "rate.period", "pk": 1, "fields": {"name": "TC", "year": 1}}, {"model": "rate.period", "pk": 2, "fields": {"name": "P1", "year": 2}}, {"model": "rate.period", "pk": 3, "fields": {"name": "P2", "year": 2}}, {"model": "rate.period", "pk": 4, "fields": {"name": "P3", "year": 3}}, {"model": "rate.period", "pk": 5, "fields": {"name": "P4", "year": 2}}, {"model": "rate.period", "pk": 6, "fields": {"name": "P1", "year": 3}}, {"model": "rate.period", "pk": 7, "fields": {"name": "P2", "year": 3}}, {"model": "rate.type", "pk": 1, "fields": {"name": "Cours"}}, {"model": "rate.type", "pk": 2, "fields": {"name": "Modal"}}, {"model": "rate.type", "pk": 3, "fields": {"name": "EA"}}, {"model": "rate.course", "pk": 1, "fields": {"code": "311", "title": "Analyse r\u00e9elle", "professor": "Frank Pacard", "description": "Oh ouiii !!!!", "department": 1, "period": 1, "type": 1, "has_pale": true, "has_project": false, "has_presentation": false, "has_oral": false}}, {"model": "rate.course", "pk": 2, "fields": {"code": "557", "title": "Introduction to Computer Networks", "professor": "Thomas Clausen", "description": "Cours introductif au r\u00e9seaux informatiques.", "department": 8, "period": 6, "type": 1, "has_pale": true, "has_project": false, "has_presentation": false, "has_oral": true}}, {"model": "rate.course", "pk": 3, "fields": {"code": "559", "title": "Introduction to Computer Systems", "professor": "Francesco Zappa Nardelli", "description": "Meilleur cours du monde <3", "department": 8, "period": 6, "type": 1, "has_pale": true, "has_project": false, "has_presentation": false, "has_oral": false}}, {"model": "rate.course", "pk": 4, "fields": {"code": "431", "title": "Disruptivit\u00e9 et principe de la limonade", "professor": "Florence Charrue-Duboc", "description": "Il faut repenser les organisations \u00e0 l'aide de la th\u00e9orie C-K.", "department": 9, "period": 3, "type": 2, "has_pale": true, "has_project": true, "has_presentation": true, "has_oral": true}}, {"model": "rate.student", "pk": 1, "fields": {"user": 2, "name": "Denis Merigoux", "promotion": "2013"}}, {"model": "rate.student", "pk": 2, "fields": {"user": 3, "name": "Victor Quach", "promotion": "2014"}}, {"model": "rate.student", "pk": 3, "fields": {"user": 4, "name": "K\u00e9vin Garanger", "promotion": "2013"}}, {"model": "rate.assessment", "pk": 1, "fields": {"course": 1, "student": 1, "amphi_grade": 18, "pc_grade": 14, "interest_grade": 15, "difficulty_grade": 20, "comment": "bien !"}}, {"model": "rate.assessment", "pk": 2, "fields": {"course": 2, "student": 3, "amphi_grade": 0, "pc_grade": 0, "interest_grade": 2, "difficulty_grade": 0, "comment": "Si vous vous destinez \u00e0 une brillante carri\u00e8re d'ing\u00e9nieur r\u00e9seaux, ce cours est fait pour vous.\r\nDans 100% des autres cas, je ne peux que vous sugg\u00e9rer de renoncer \u00e0 l'id\u00e9e de prendre ce cours imm\u00e9diatement.\r\n\r\nLa plupart des avis pr\u00e9c\u00e9dents devraient \u00eatre largement suffisants pour vous faire une id\u00e9e, mais si vous n'\u00eates toujours pas convaincus, voici quelques raisons qui finiront par vous ramener \u00e0 la raison :\r\n- Les amphis sont un v\u00e9ritable calvaire \u00e0 endurer. Thomas Clausen, certes passionn\u00e9 par son sujet, prend beaucoup plus de temps que n\u00e9cessaire pour enseigner des principes en r\u00e9alit\u00e9 assez simples, utilisant des m\u00e9taphores toujours plus absconses au fur et \u00e0 mesure qu'il avance dans le cours avec quelques \u00e9l\u00e8ves, laissant les autres livr\u00e9s \u00e0 eux-m\u00eames. Il a le don de rendre particuli\u00e8rement compliqu\u00e9 ce qui ne l'est pas. Sa fa\u00e7on d'enseigner donne l'impression qu'il se prend pour un proph\u00e8te venu transmettre sa connaissance de la science des r\u00e9seaux, une discipline invent\u00e9e par des \u00eatres bien sup\u00e9rieurs \u00e0 nous, \u00e0 l'origine de concepts divins dont nous mortels parvenons \u00e0 peine \u00e0 saisir l'essence.\r\nJe ne peux nier les qualit\u00e9s d'orateur de Thomas Clausen, qui parvient \u00e0 capter l'attention d'une bonne partie de la classe, malheureusement plus par la peur que par la sympathie qu'il inspire. S'en d\u00e9duit une ambiance lugubre et pesante en amphis, o\u00f9 quelques personnes (moins de 4) suivent rigoureusement le cours et participent, tandis que les autres (ceux qui n'ont pas abandonn\u00e9) n'ont qu'\u00e0 attendre la fin du cours en silence en esp\u00e9rant ne pas se faire interroger d'ici l\u00e0. Car si Thomas Clausen d\u00e9cide de vous poser une question en cours, priez pour avoir la bonne r\u00e9ponse. Si tel est le cas il vous gratifiera probablement d'un &quot;kudos&quot; et d'une blague 42, mais dans le cas contraire il n'h\u00e9sitera pas \u00e0 vous humilier. M. Clausen aime les \u00e9l\u00e8ves aussi passionn\u00e9s que lui (et tant mieux pour eux), mais pour les autres, ils n'h\u00e9sitera pas \u00e0 vous rappeler les multiples mani\u00e8res d'obtenir F \u00e0 ce cours (par exemple en pronon\u00e7ant le mot &quot;bandwidth&quot; \u00e0 l'examen oral).\r\n- Pour ce qui est des PC, elles consistent principalement \u00e0 bloquer 1h30 devant du code apr\u00e8s avoir obtenu une note n\u00e9gative \u00e0 un QCM aux questions tordues. J'ai tent\u00e9 une fois de poser une question \u00e0 Jiazi (un des profs de TD), s'en est suivi alors un moment tr\u00e8s g\u00eanant o\u00f9 je fus incapable de comprendre ses suggestions dans un anglais plus qu'approximatif. Je n'ai \u00e9videmment jamais r\u00e9it\u00e9r\u00e9 l'exp\u00e9rience. Par ailleurs je n'ai jamais entendu M. Chassignet (l'autre prof de TD) prononcer une phrase de plus de deux mots.\r\n- L'\u00e9valuation orale se divise en trois parties de 10 minutes chacune. Durant la premi\u00e8re partie vous devez pr\u00e9senter une publication sur un protocole que vous avez pr\u00e9par\u00e9e \u00e0 l'avance. Durant les 10 minutes suivantes vous devez r\u00e9pondre \u00e0 une question tir\u00e9e au hasard parmi 17 que vous \u00eates cens\u00e9 avoir toutes pr\u00e9par\u00e9es (le nombre de questions augmente chaque ann\u00e9e). Inutile de dire que cet exercice demande \u00e9norm\u00e9ment de pr\u00e9paration et que les questions peuvent \u00eatre parfois assez difficiles.\r\n- Je mets tout de m\u00eame une note de 2 en int\u00e9r\u00eat, car durant les deux jours pr\u00e9c\u00e9dents la pale orale, j'ai d\u00e9couvert tout un tas de choses int\u00e9ressantes sur les r\u00e9seaux en faisant mes recherches par moi-m\u00eame (je pr\u00e9cise bien que ce n'\u00e9tait pas gr\u00e2ce \u00e0 son cours, au cas o\u00f9)."}}, {"model": "rate.assessment", "pk": 3, "fields": {"course": 3, "student": 1, "amphi_grade": 20, "pc_grade": 20, "interest_grade": 20, "difficulty_grade": 10, "comment": "Un de mes meilleurs cours de l'X et tr\u00e8s certainement le meilleur prof. Francesco Zappa Nardelli se plie en quatre pour faire des amphis captivants et dynamiques, des TD int\u00e9ressants et ludiques avec une part de jeu (\u00ab Beat the prof contest ! \u00bb).\r\n\r\nLe contenu du cours est assez vertigineux, on part de la logique combinatoire pour finir \u00e0 l'\u00e9criture d'un OS qui boote en passant par la gestion de la m\u00e9moire, le design d'un processeur, les attaques par buffer overflow... J'ai vraiment eu l'impression de comprendre de mani\u00e8re claire tout ce que les autres cours d'info avaient sous-entendu concernant le pourquoi des bugs, des stack overflow, la diff\u00e9rence entre la pile et le tas, etc.\r\n\r\nBref un cours que je recommande \u00e0 tous ceux qui veulent faire de l'info, avoir compris une fois dans sa vie ce qui se cache derri\u00e8re l'abstraction des langages de programmation est assez salutaire.\r\n\r\nPour faire le grand chelem et comprendre dans tous les d\u00e9tails tout ce qui se passe (jusqu'au courant dans le transistor) au moment o\u00f9 tu appuies sur le bouton \u00ab compiler et ex\u00e9cuter \u00bb de ton IDE, \u00e0 prendre avec PHY559 (circuits num\u00e9riques et analogiques) et INF564 (compilation).\r\n\r\nAnecdote : ce cours est tr\u00e8s largement inspir\u00e9 du cours 15-213/15-513 de Carnegie Mellon University ; notamment les TD presque les m\u00eames."}}, {"model": "rate.assessment", "pk": 4, "fields": {"course": 4, "student": 2, "amphi_grade": 8, "pc_grade": 6, "interest_grade": 4, "difficulty_grade": 15, "comment": "\u00c7a disrupte \u00e0 foiz'"}}, {"model": "rate.assessment", "pk": 5, "fields": {"course": 1, "student": 2, "amphi_grade": 15, "pc_grade": 12, "interest_grade": 16, "difficulty_grade": 14, "comment": "Oh ouiiiiiiii !"}}]